signing_year,half_life_months,n,mae,rmse,bias,mean_ess,median_ess
2015,4,31,1.5280836593841474,1.7056502847683057,0.156440394568918,14.9997362267845,13.394142889120157
2015,6,31,1.5082566486353015,1.6728029906121509,0.22076380251736208,19.97990817595608,19.431136330347414
2015,8,31,1.512458738236935,1.6653896998476556,0.26798785936174246,23.400108362107805,23.022961875615707
2015,12,31,1.5273118083694686,1.6700020756030403,0.3301667421536361,27.184009664608805,27.312197961093265
2015,24,31,1.5491259379764943,1.6926335981296596,0.4097786033804477,30.521354968798388,30.687520124516862
2015,60,31,1.5654188550846468,1.7171105636272455,0.4658911595418075,31.717149793600854,31.781669455222687
2016,4,63,2.124517344473665,2.6718583287350555,-0.09232420449827536,18.206959490365143,18.288775063213922
2016,6,63,2.091618235078231,2.650360277827371,-0.04968727552922604,23.86725135132114,25.7762845808634
2016,8,63,2.0711299670529053,2.6374060484422266,-0.004850113132774701,28.49692592561722,32.577699957150955
2016,12,63,2.0515032629205923,2.626232476172289,0.07209871430638817,34.72695074796058,40.56562595320323
2016,24,63,2.0216321635218426,2.6242431060658817,0.1996595663222945,41.752700721475954,46.4387114432413
2016,60,63,1.9972062204885643,2.6333911693045553,0.30786201696453014,44.85246889613136,49.06578657024253
2017,4,64,2.1298541458262887,3.0121810256657278,0.30130146833948784,23.83124803996837,22.660975952787098
2017,6,64,2.137647326562866,3.0046690745017393,0.3953560186127363,33.2154783603219,32.55869624664844
2017,8,64,2.14345065363642,3.00552064218591,0.45953533957993087,41.10961499092243,40.92058495386317
2017,12,64,2.152184100784228,3.012797733781279,0.5454883196311394,52.31166613988441,52.78033794424728
2017,24,64,2.161508943123877,3.032290000164154,0.6732350157169624,66.43792858548193,69.64372342910008
2017,60,64,2.175560349630385,3.054900655197654,0.7835536250276924,73.5092711513449,77.58272819570465
2018,4,95,2.4828415175299963,3.110123670018934,-0.37699230772959724,26.232726843100075,24.936068411759493
2018,6,95,2.47919660717937,3.1036127561642064,-0.25783502816699233,36.60494261559498,40.54267315729391
2018,8,95,2.4763442855044264,3.0968696957539454,-0.15760943122611057,45.85872952274649,49.24932962073941
2018,12,95,2.481972276839432,3.0895971144661627,-0.012518324337962317,60.049606122404256,65.33301548280362
2018,24,95,2.4958564503727008,3.091477449046158,0.2026944428658361,80.41353098169537,91.04901331292137
2018,60,95,2.511878675258149,3.1081217578905225,0.38104022545217064,92.0452095023987,104.97974673984824
2019,4,122,2.719159791608857,3.449551062776369,-0.07637654561036744,32.92329298694126,34.22693286074281
2019,6,122,2.719505092645168,3.4196965352057758,-0.07965741571378061,45.93605889295672,49.20656036152059
2019,8,122,2.720753162156101,3.405315870606046,-0.06947954297107026,57.38119126794127,59.60132621497325
2019,12,122,2.7263282902872983,3.3928413212859065,-0.03686598004243225,75.47172465331221,78.50387102326548
2019,24,122,2.7381160425598465,3.3862792824153347,0.04905305775645347,104.33477526563595,115.22792583433926
2019,60,122,2.750147496895916,3.390503057920581,0.15134205059908076,123.5650949101438,141.2683420501327
2020,4,116,2.127345918344842,2.544298525596172,0.5086126061401331,29.956764714584423,29.192232755786073
2020,6,116,2.168192744327722,2.576656907777373,0.712942003864554,45.31578428297301,45.08134244453671
2020,8,116,2.208845414817815,2.610758578456341,0.8457548136578847,59.51198154335281,61.17883015969805
2020,12,116,2.2648505465617985,2.6676027494618224,1.0051241380229479,82.03335677095613,85.96022969968124
2020,24,116,2.3544330877668678,2.7700703798744035,1.2123483338712184,117.73386778775972,130.46099423952404
2020,60,116,2.442083135672225,2.877003979395142,1.3848904844478545,142.46976395995213,165.20299267511166
2021,4,183,2.5498600671175757,3.168638342587449,-0.48741043764283687,49.45631599353582,47.27699888315037
2021,6,183,2.550327169728918,3.164908811114689,-0.4620287724255406,65.7336455505935,61.836785824407414
2021,8,183,2.552526196235475,3.159486290812737,-0.40830928319522947,80.53665526942186,76.181088489133
2021,12,183,2.5579890073269778,3.150748765059628,-0.2981209722452168,106.05992729218647,103.87679238969059
2021,24,183,2.577510004212269,3.144383897416489,-0.08524389404673635,152.85708081870678,155.15684806429982
2021,60,183,2.6068821035897782,3.15423885326933,0.12888489521517627,189.20760095958533,195.47824490452544
2022,4,189,2.5239436103054125,3.046951321238056,0.2919892850150453,61.057996720118304,54.76344160049132
2022,6,189,2.5203760026774815,3.025819568260181,0.297221776339213,87.81442767916103,89.66695307410691
2022,8,189,2.520088185681232,3.0162171465298124,0.3067592251820962,109.66409368814685,114.81451122996278
2022,12,189,2.524924897989077,3.0098717834201194,0.33936255761568707,143.068686304741,145.88179908769945
2022,24,189,2.550109133891129,3.015754673175561,0.44452726081370164,201.32904606347722,206.70316639924312
2022,60,189,2.590018167996478,3.0401628142572914,0.59345072254711,250.16553888451648,245.24999678224867
2023,4,195,2.2649503409981775,2.878854962024711,0.11534609891217569,73.30885636401324,69.40399493810675
2023,6,195,2.266336581871819,2.8748538829646364,0.146072722706684,107.95788120815358,112.10563002045632
2023,8,195,2.2699418952726518,2.873883224712987,0.17305087713975703,137.7409214088408,147.94043475863066
2023,12,195,2.2785772638480757,2.8747227342695787,0.2205425539610895,183.1664141265508,196.96212717350213
2023,24,195,2.3050159713550893,2.882114810545812,0.3284531504781429,256.35724498594624,260.85905703874994
2023,60,195,2.348052841594111,2.900170377365089,0.47158165105183214,314.32713576560553,304.68783981194605
2024,4,255,2.2143590767156542,2.75660794079604,-0.028346168041483367,82.35421060856982,83.41297240357893
2024,6,255,2.215171578289124,2.7496811001749206,0.0076367335860220015,123.21228653919334,141.44030043933154
2024,8,255,2.2187990459233253,2.746690924868019,0.04252170030205612,159.4081182540695,189.07288056584758
2024,12,255,2.229067609045378,2.7452918797315804,0.10218551207871912,217.37245688939464,257.63328546402334
2024,24,255,2.255422551444336,2.7494974562521937,0.22304660859130654,316.4031693730036,352.3825669376897
2024,60,255,2.2889284569458974,2.762379374269235,0.3705413808818901,398.13638994661835,414.21802708584534
2025,4,257,2.230896253207722,2.84811961946193,-0.038225330338778715,97.8501461654231,115.0067674134867
2025,6,257,2.220519272090835,2.8408309290971534,-0.05766674524584815,145.80829017408115,184.2337791221849
2025,8,257,2.2145502938762087,2.835877407825578,-0.060980584949961364,188.5051709050549,245.0726672775957
2025,12,257,2.2118443498380533,2.8304861462304745,-0.04688725244685924,258.94602232866,336.53153272574644
2025,24,257,2.2210277902678985,2.8259586259045117,0.02371790810283027,387.93942500911515,462.9133230023925
2025,60,257,2.239813395584284,2.8268441526134986,0.1449661242255778,503.04979192793735,553.9590428128737
2026,4,238,2.072838730019594,2.8068954728081277,0.2796383011633538,98.72651211223268,106.27564361517985
2026,6,238,2.0857670207737335,2.810525606744823,0.29507308430386586,157.0822411207687,182.7571598536562
2026,8,238,2.093319058922089,2.813783187635937,0.2995500314274883,211.5814817709528,255.4449686690659
2026,12,238,2.1058076703591633,2.8201530925632032,0.3096990905084887,302.72965399021143,373.805154868952
2026,24,238,2.136574878197123,2.835770516509045,0.36093100621304014,468.47417484879475,564.6959564367061
2026,60,238,2.177998739841713,2.856343926737317,0.46548132113236046,615.177550956791,705.0701874538663
